1	مقدمة المؤلف
8	ذكر الوقت الذي ابتدئ فيه بعمل التاريخ في الإسلام
10	القول في الزمان
14	القول في ابتداء الخلق، وما كان أوله
20	قصة إبليس لعنه الله وابتداء أمره وإطغائه آدم عليه السلام
23	ذكر خلق آدم عليه السلام
40	ذكر ولادة شيث
42	ذكر وفاة آدم عليه السلام
46	ذكر شيث بن آدم عليه السلام
48	ذكر الأحداث التي كانت من لدن ملك شيث إلى أن ملك يرد
51	ذكر يرد
53	ذكر ملك طهمورث
54	ذكر حنوخ وهو إدريس عليه السلام
56	ذكر ملك جمشيد
58	ذكر الأحداث التي كانت في زمن نوح عليه السلام
64	ذكر بيوراسب وهو الازدهاق الذي يسميه العرب الضحاك
68	ذكر ذرية نوح عليه السلام
73	ذكر ملك أفريدون
75	ذكر الأحداث التي كانت بين نوح وإبراهيم
82	ذكر إبراهيم الخليل عليه السلام ومن كان في عصره من ملوك العجم
88	ذكر ولادة إسماعيل عليه السلام وحمله إلى مكة
91	ذكر عمارة البيت الحرام بمكة
93	ذكر قصة الذبح
99	ذكر عدو الله نمرود وهلاكه
102	ذكر قصة لوط وقومه
106	ذكر وفاة سارة زوج إبراهيم عليه السلام وذكر أولاده وأزواجه
108	ذكر خبر ولد إسماعيل بن إبراهيم
109	ذكر إسحاق بن إبراهيم وأولاده
111	قصة أيوب عليه السلام
119	ذكر قصة يوسف عليه السلام
134	قصة شعيب عليه السلام
137	قصة الخضر وخبره مع موسى
141	ذكر الخبر عن منوجهر والحوادث في أيامه
146	قصة موسى عليه السلام ونسبه وما كان في أيامه من الأحداث
165	ذكر أمر بني إسرائيل في التيه ووفاة هارون عليه السلام
168	ذكر وفاة موسى عليه السلام
170	ذكر يوشع بن نون عليه السلام وفتح مدينة الجبارين
173	ذكر أمر قارون
175	ذكر من ملك من الفرس بعد منوجهر
177	ذكر ملك كيقباذ
178	ذكر الأحداث في بني إسرائيل في عهد زو وكيقباذ ونبوة حزقيل
180	ذكر إلياس عليه السلام
182	ذكر نبوة اليسع عليه السلام وأخذ التابوت من بني إسرائيل
185	ذكر حال أشمويل وطالوت
190	ذكر ملك داود
196	ذكر ملك سليمان بن داود عليه السلام
208	ذكر من ملك من الفرس بعد كيقباذ
211	ذكر خبر كيخسرو بن سياوخش بن كيكاووس
213	ذكر أمر بني إسرائيل بعد سليمان
218	ذكر شعيا والملك الذي معه من بني إسرائيل ومسير سنحاريب إلى بني إسرائيل
221	ذكر ملك لهراسب وابنه بشتاسب وظهور زرادشت
224	ذكر مسير بختنصر إلى بني إسرائيل
234	ذكر بشتاسب والحوادث في ملكه وقتل أبيه لهراسب
237	ذكر الخبر عن ملوك بلاد اليمن من أيام كيكاووس إلى أيام بهمن بن إسفنديار
240	ذكر خبر أردشير بهمن وابنته خمانى
243	ذكر خبر دارا الأكبر وابنه دارا الأصغر وكيف كان هلاكه مع خبر ذي القرنين
244	ذكر إسكندر ذي القرنين
254	ذكر من ملك من قومه بعد الإسكندر
256	ذكر أخبار ملوك الفرس بعد الإسكندر وهم ملوك الطوائف
262	ذكر الأحداث أيام ملوك الطوائف فمن ذلك ذكر المسيح عيسى ابن مريم ويحيى بن زكرياء عليه السلام
270	ذكر ولادة المسيح عليه السلام ونبوته إلى آخر أمره
282	ذكر من ملك من الروم بعد رفع المسيح إلى عهد نبينا محمد صلى الله عليه وسلم
287	ذكر ملوك الروم وهم ثلاث طبقات، فالطبقة الأولى الصابئون
294	الطبقة الثانية من ملوك الروم المتنصرة
299	ذكر الطبقة الثالثة من ملوك الروم بعد الهجرة
307	ذكر وصول قبائل العرب إلى العراق ونزولهم الحيرة
316	ذكر طسم وجديس وكانوا أيام ملوك الطوائف
321	ذكر أصحاب الكهف وكانوا أيام ملوك الطوائف
325	ذكر يونس بن متى
329	ومما كان من الأحداث أيام ملوك الطوائف
338	ذكر خالد بن سنان العبسي
339	ذكر طبقات ملوك الفرس
343	ذكر أخبار أردشير بن بابك وملوك الفرس
370	ذكر الأحداث في العرب أيام يزدجرد وفيروز
374	ذكر حوادث العرب أيام قباذ
383	ذكر ملك لخيعة
390	ذكر ملك كسرى أنوشروان بن قباذ بن فيروز بن يزدجرد بن بهرام جور بن يزدجرد الأثيم
411	ذكر مولد رسول الله صلى الله عليه وسلم
420	ذكر قتل تميم بالمشقر
421	ذكر ملك ابنه هرمز بن أنوشروان
424	ذكر ملك كسرى أبرويز بن هرمز
429	ذكر ما رأى كسرى من الآيات بسبب رسول الله - صلى الله عليه وسلم
439	ذكر ملوك الحيرة بعد عمرو بن هند
449	ذكر أيام العرب في الجاهلية
454	ذكر يوم البردان
457	ذكر مقتل حجر أبي امرئ القيس والحروب الحادثة بمقتله إلى أن مات امرؤ القيس
465	يوم خزاز
468	ذكر مقتل كليب والأيام بين بكر وتغلب
481	ذكر الحرب بين الحارث الأعرج وبني تغلب
483	يوم عين أباغ
484	يوم مرج حليمة وقتل المنذر بن المنذر بن ماء السماء
488	ذكر قتل مضرط الحجارة
489	يوم الكلاب الأول
493	يوم أوارة الأول
493	يوم أوارة الثاني
495	ذكر قتل زهير بن جذيمة وخالد بن جعفر بن كلاب والحارث بن ظالم المري وذكر يوم الرحرحان
505	أيام داحس والغبراء، وهي بين عبس وذبيان
518	يوم شعب جبلة
521	يوم ذات نكيف
523	ذكر الفجار الأول والثاني
529	يوم ذي نجب
530	يوم نعف قشاوة
531	يوم الغبيط
533	يوم لشيبان على بني تميم
534	يوم مبائض
536	يوم الزويرين
538	ذكر أسر حاتم طيء
540	يوم مسحلان
540	حرب لسليم وشيبان
541	يوم جدود
543	يوم الإياد، وهو يوم أعشاش ويوم العظالى
544	يوم الشقيقة وقتل بسطام بن قيس
548	يوم النسار
550	يوم الجفار
551	يوم الصفقة والكلاب الثاني
555	يوم ظهر الدهناء
557	يوم الوقيط
560	يوم المروت
561	يوم فيف الريح
563	يوم اليحاميم ويعرف أيضا بقارات حوق
564	يوم ذي طلوح
565	يوم أقرن
566	يوم السلان
568	يوم ذي علق
569	يوم الرقم
570	يوم ساحوق
571	يوم أعيار ويوم النقيعة
572	يوم النباة
573	يوم الفرات
573	يوم بارق
574	يوم طخفة
575	يوم النباج وثيتل
576	يوم فلج
578	يوم الشيطين
579	أيام الأنصار وهم الأوس والخزرج التي جرت بينهم
580	ذكر غلبة الأنصار على المدينة وضعف أمر اليهود بها وقتل الفطيون
582	حرب سمير
583	ذكر حرب كعب بن عمرو المازني
585	ذكر الحرب بين بني عمرو بن عوف وبني الحارث وهو يوم السرارة
587	حرب الحصين بن الأسلت
588	حرب ربيع الظفري
589	حرب فارع بسبب الغلام القضاعي
591	حرب حاطب
592	يوم الربيع
593	يوم البقيع
594	يوم الفجار الأول للأنصار
595	يوم معبس ومضرس
596	يوم الفجار الثاني للأنصار
597	يوم بعاث
600	ذكر غلبة ثقيف على الطائف والحرب بين الأحلاف وبني مالك
604	نسب رسول الله صلى الله عليه وسلم وذكر بعض أخبار آبائه وأجداده
609	ابن عبد المطلب
611	سبب حفر بئر زمزم
613	عبد المطلب وجاره اليهودي
614	ابن هاشم
616	ابن عبد مناف
616	ابن قصي
631	ذكر الفواطم والعواتك
633	عدنا إلى ذكر النبي صلى الله عليه وسلم
642	ذكر الوقت الذي أرسل فيه رسول الله صلى الله عليه وسلم
644	ذكر ابتداء الوحي إلى النبي - صلى الله عليه وسلم
646	ذكر المعراج برسول الله - صلى الله عليه وسلم
651	ذكر الاختلاف في أول من أسلم
654	ذكر أمر الله تعالى نبيه - صلى الله عليه وسلم - بإظهار دعوته
659	ذكر تعذيب المستضعفين من المسلمين
663	ذكر المستهزئين ومن كان أشد الأذى للنبي - صلى الله عليه وسلم
669	ذكر الهجرة إلى أرض الحبشة
672	ذكر إرسال قريش إلى النجاشي في طلب المهاجرين
674	ذكر إسلام حمزة بن عبد المطلب
675	ذكر إسلام عمر بن الخطاب
678	ذكر أمر الصحيفة
681	ذكر وفاة أبي طالب وخديجة وعرض رسول الله - صلى الله عليه وسلم - نفسه على العرب
684	ذكر أول عرض رسول الله - صلى الله عليه وسلم - نفسه على الأنصار وإسلامهم
685	ذكر بيعة العقبة الأولى وإسلام سعد بن معاذ
687	ذكر بيعة العقبة الثانية
690	ذكر هجرة النبي - صلى الله عليه وسلم
696	ذكر ما كان من الأمور أول سنة من الهجرة
701	ثم دخلت السنة الثانية من الهجرة
701	ذكر سرية عبد الله بن جحش
703	ذكر غزوة بدر الكبرى
721	ذكر غزوة بني القينقاع
722	ذكر غزوة الكدر
723	ذكر غزوة السويق
725	ودخلت السنة الثالثة من الهجرة
730	ذكر غزوة أحد
743	ذكر غزوة حمراء الأسد
746	ودخلت السنة الرابعة من الهجرة
746	ذكر غزوة الرجيع
749	ذكر بئر معونة
751	ذكر إجلاء بني النضير
752	غزوة ذات الرقاع
753	ذكر غزوة بدر الثانية
755	الأحداث في السنة الخامسة من الهجرة
756	ذكر غزوة الخندق، وهي غزوة الأحزاب
761	ذكر غزوة بني قريظة
764	ودخلت سنة ست من الهجرة
764	ذكر غزوة بني لحيان
764	ذكر غزاة ذي قرد
767	ذكر غزوة بني المصطلق من خزاعة
769	حديث الإفك
773	ذكر عمرة الحديبية
778	وفيها كانت عدة من سرايا وغزوات
782	ذكر مكاتبة رسول الله - صلى الله عليه وسلم - الملوك
787	ودخلت سنة سبع
787	ذكر غزوة خيبر
792	ذكر غزوة وادي القرى
794	ذكر فدك
796	ذكر عمرة القضاء
798	ودخلت سنة ثمان
798	غزوة غالب بن عبد الله الليثي بني الملوح
799	ذكر إسلام خالد بن الوليد، وعمرو بن العاص، وعثمان بن طلحة
800	ذكر غزوة ذات السلاسل
801	ذكر غزوة الخبط وغيرها
802	ذكر غزوة مؤتة
806	ذكر فتح مكة
818	ذكر غزوة خالد بن الوليد بني جذيمة
823	ذكر غزوة هوازن بحنين
828	ذكر حصار الطائف
830	ذكر قسمة غنائم حنين
834	ثم دخلت سنة تسع
834	ذكر إسلام كعب بن زهير
836	ذكر غزوة تبوك
841	ذكر قدوم عروة بن مسعود الثقفي على رسول الله - صلى الله عليه وسلم -
841	ذكر قدوم وفد ثقيف
842	ذكر غزوة طيئ وإسلام عدي بن حاتم
843	ذكر قدوم الوفود على رسول الله - صلى الله عليه وسلم -
847	ذكر حج أبي بكر - رضي الله عنه -
849	ذكر الأحداث في سنة عشر
849	ذكر وفد نجران مع العاقب والسيد
855	ذكر إرسال علي إلى اليمن وإسلام همدان
856	ذكر بعث رسول الله - صلى الله عليه وسلم - أمراءه على الصدقات
857	ذكر حجة الوداع
871	ذكر أحداث سنة إحدى عشرة
871	ذكر مرض رسول الله - صلى الله عليه وسلم - ووفاته
878	حديث السقيفة وخلافة أبي بكر - رضي الله عنه وأرضاه
884	ذكر تجهيز النبي - صلى الله عليه وسلم - ودفنه
885	ذكر إنفاذ جيش أسامة بن زيد
887	ذكر أخبار الأسود العنسي باليمن
892	ذكر أخبار الردة
893	ذكر خبر طليحة الأسدي
897	ذكر ردة بني عامر وهوازن وسليم
899	ذكر قدوم عمرو بن العاص من عمان
900	ذكر بني تميم وسجاح
903	ذكر مالك بن نويرة
905	ذكر مسيلمة وأهل اليمامة
912	ذكر ردة أهل البحرين
916	ذكر ردة أهل عمان ومهرة
917	ذكر خبر ردة اليمن
920	ذكر ردة حضرموت وكندة
924	ثم دخلت سنة اثنتي عشرة
939	ثم دخلت سنة ثلاث عشرة
939	ذكر فتوح الشام
943	ذكر مسير خالد بن الوليد من العراق إلى الشام
946	ذكر وقعة اليرموك
950	ذكر حال المثنى بن حارثة بالعراق
951	ذكر وقعة أجنادين
953	ذكر وفاة أبي بكر
954	أسماء قضاته وعماله وكتابه
955	ذكر بعض أخباره ومناقبه
957	ذكر استخلافه عمر بن الخطاب
959	ذكر فتح دمشق
961	ذكر غزوة فحل
962	ذكر فتح بلاد ساحل دمشق
963	ذكر فتح بيسان وطبرية
964	ذكر خبر المثنى بن حارثة وأبي عبيد بن مسعود
965	ذكر خبر النمارق
966	ذكر وقعة السقاطية بكسكر
967	ذكر وقعة الجالينوس
967	ذكر وقعة قس الناطف ويقال لها الجسر ويقال المروحة وقتل أبي عبيد بن مسعود
970	ذكر وقعة البويب
973	ذكر خبر الخنافس وسوق بغداد
975	ذكر الخبر عن الذي هيج أمر القادسية وملك يزدجرد
978	ثم دخلت سنة أربع عشرة
978	ذكر ابتداء أمر القادسية
993	ذكر يوم أرماث
997	ذكر يوم أغواث
1000	ذكر يوم عماس
1002	ذكر ليلة الهرير وقتل رستم
1007	ذكر ولاية عتبة بن غزوان البصرة
1012	ثم دخلت سنة خمس عشرة
1028	ثم دخلت سنة ست عشرة
1028	ذكر فتح المدائن الغربية وهي بهرسير
1029	ذكر فتح المدائن التي فيها إيوان كسرى
1036	ذكر وقعة جلولاء وفتح حلوان
1039	ذكر تكريت والموصل
1043	ثم دخلت سنة سبع عشرة
1043	ذكر بناء الكوفة والبصرة
1046	ذكر خبر حمص حين قصد هرقل من بها من المسلمين
1047	ذكر فتح الجزيرة وأرمينية
1050	ذكر عزل خالد بن الوليد
1051	ذكر بناء المسجد الحرام والتوسعة فيه
1052	ذكر غزوة فارس من البحرين
1054	ذكر عزل المغيرة عن البصرة وولاية أبي موسى
1055	ذكر الخبر عن فتح الأهواز ومناذر ونهر تيرى
1057	ذكر صلح الهرمزان وأهل تستر مع المسلمين
1058	ذكر فتح رامهرمز وتستر وأسر الهرمزان
1061	ذكر فتح السوس
1065	ثم دخلت سنة ثمان عشرة
1073	ثم دخلت سنة تسع عشرة
1074	ثم دخلت سنة عشرين
1081	ثم دخلت سنة إحدى وعشرين
1081	ذكر وقعة نهاوند
1092	ذكر فتح أصبهان
1095	ثم دخلت سنة اثنتين وعشرين
1109	ثم دخلت سنة ثلاث وعشرين
1143	ثم دخلت سنة أربع وعشرين
1145	ثم دخلت سنة خمس وعشرين
1151	ثم دخلت سنة ست وعشرين
1152	ثم دخلت سنة سبع وعشرين
1158	ثم دخلت سنة ثمان وعشرين
1162	ثم دخلت سنة تسع وعشرين
1167	ثم دخلت سنة ثلاثين
1178	ثم دخلت سنة إحدى وثلاثين
1192	ثم دخلت سنة اثنتين وثلاثين
1200	ثم دخلت سنة ثلاث وثلاثين
1208	ثم دخلت سنة أربع وثلاثين
1215	ثم دخلت سنة خمس وثلاثين
1215	ذكر مسير من سار إلى حصر عثمان
1225	ذكر مقتل عثمان
1235	ذكر بعض سيرة عثمان
1243	ذكر بيعة أمير المؤمنين علي بن أبي طالب
1254	ثم دخلت سنة ست وثلاثين
1254	ذكر تفريق علي عماله وخلاف معاوية
1257	ذكر ابتداء وقعة الجمل
1317	ذكر ابتداء وقعة صفين
1330	ثم دخلت سنة سبع وثلاثين
1330	ذكر تتمة أمر صفين
1393	ثم دخلت سنة ثمان وثلاثين
1413	ثم دخلت سنة تسع وثلاثين
1421	ثم دخلت سنة أربعين
1421	ذكر سرية بسر بن أبي أرطاة إلى الحجاز واليمن
1425	ذكر مقتل أمير المؤمنين علي بن أبي طالب عليه السلام
1445	ثم دخلت سنة إحدى وأربعين
1459	ثم دخلت سنة اثنتين وأربعين
1466	ثم دخلت سنة ثلاث وأربعين
1478	ثم دخلت سنة أربع وأربعين
1484	ثم دخلت سنة خمس وأربعين
1491	ثم دخلت سنة ست وأربعين
1493	ثم دخلت سنة سبع وأربعين
1495	ثم دخلت سنة ثمان وأربعين
1496	ثم دخلت سنة تسع وأربعين
1499	ثم دخلت سنة خمسين
1509	ثم دخلت سنة إحدى وخمسين
1525	ثم دخلت سنة اثنتين وخمسين
1527	ثم دخلت سنة ثلاث وخمسين
1531	ثم دخلت سنة أربع وخمسين
1535	ثم دخلت سنة خمس وخمسين
1537	ثم دخلت سنة ست وخمسين
1546	ثم دخلت سنة سبع وخمسين
1548	ثم دخلت سنة ثمان وخمسين
1553	ثم دخلت سنة تسع وخمسين
1559	ثم دخلت سنة ستين
1597	ثم دخلت سنة إحدى وستين
1643	ثم دخلت سنة اثنتين وستين
1651	ثم دخلت سنة ثلاث وستين
1661	ثم دخلت سنة أربع وستين
1702	ثم دخلت سنة خمس وستين
1729	ثم دخلت سنة ست وستين
1766	ثم دخلت سنة سبع وستين
1781	ثم دخلت سنة ثمان وستين
1795	ثم دخلت سنة تسع وستين
1802	ثم دخلت سنة سبعين
1816	ثم دخلت سنة إحدى وسبعين
1832	ثم دخلت سنة اثنتين وسبعين
1837	ثم دخلت سنة ثلاث وسبعين
1851	ثم دخلت سنة أربع وسبعين
1859	ثم دخلت سنة خمس وسبعين
1875	ثم دخلت سنة ست وسبعين
1894	ثم دخلت سنة سبع وسبعين
1915	ثم دخلت سنة ثمان وسبعين
1917	ثم دخلت سنة تسع وسبعين
1920	ثم دخلت سنة ثمانين
1924	ثم دخلت سنة إحدى وثمانين
1932	ثم دخلت سنة اثنتين وثمانين
1940	ثم دخلت سنة ثلاث وثمانين
1955	ثم دخلت سنة أربع وثمانين
1958	ثم دخلت سنة خمس وثمانين
1970	ثم دخلت سنة ست وثمانين
1979	ثم دخلت سنة سبع وثمانين
1983	ثم دخلت سنة ثمان وثمانين
1987	ثم دخلت سنة تسع وثمانين
1993	ثم دخلت سنة تسعين
1999	ثم دخلت سنة إحدى وتسعين
2005	ثم دخلت سنة اثنتين وتسعين
2016	ثم دخلت سنة ثلاث وتسعين
2024	ثم دخلت سنة أربع وتسعين
2028	ثم دخلت سنة خمس وتسعين
2037	ثم دخلت سنة ست وتسعين
2051	ثم دخلت سنة سبع وتسعين
2056	ثم دخلت سنة ثمان وتسعين
2064	ثم دخلت سنة تسع وتسعين
2072	ثم دخلت سنة مائة
2082	ثم دخلت سنة إحدى ومائة
2100	ثم دخلت سنة اثنتين ومائة
2118	ثم دخلت سنة ثلاث ومائة
2122	ثم دخلت سنة أربع ومائة
2131	ثم دخلت سنة خمس ومائة
2140	ثم دخلت سنة ست ومائة
2146	ثم دخلت سنة سبع ومائة
2150	ثم دخلت سنة ثمان ومائة
2154	ثم دخلت سنة تسع ومائة
2158	ثم دخلت سنة عشر ومائة
2165	ثم دخلت سنة إحدى عشرة ومائة
2168	ثم دخلت سنة اثنتي عشرة ومائة
2179	ثم دخلت سنة ثلاث عشرة ومائة
2183	ثم دخلت سنة أربع عشرة ومائة
2187	ثم دخلت سنة خمس عشرة ومائة
2188	ثم دخلت سنة ستة عشرة ومائة
2191	ثم دخلت سنة سبع عشرة ومائة
2199	ثم دخلت سنة ثماني عشرة ومائة
2203	ثم دخلت سنة تسع عشرة ومائة
2215	ثم دخلت سنة عشرين ومائة
2226	ثم دخلت سنة إحدى وعشرين ومائة
2236	ثم دخلت سنة اثنتين وعشرين ومائة
2243	ثم دخلت سنة ثلاث وعشرين ومائة
2247	ثم دخلت سنة أربع وعشرين ومائة
2252	ثم دخلت سنة خمس وعشرين ومائة
2266	ثم دخلت سنة ست وعشرين ومائة
2301	ثم دخلت سنة سبع وعشرين ومائة
2317	ثم دخلت سنة ثمان وعشرين ومائة
2326	ثم دخلت سنة تسع وعشرين ومائة
2346	ثم دخلت سنة ثلاثين ومائة
2359	ثم دخلت سنة إحدى وثلاثين ومائة
2366	ثم دخلت سنة اثنتين وثلاثين ومائة
2402	ثم دخلت سنة ثلاث وثلاثين ومائة
2406	ثم دخلت سنة أربع وثلاثين ومائة
2410	ثم دخلت سنة خمس وثلاثين ومائة
2413	ثم دخلت سنة ست وثلاثين ومائة
2418	ثم دخلت سنة سبع وثلاثين ومائة
2434	ثم دخلت سنة ثمان وثلاثين ومائة
2438	ثم دخلت سنة تسع وثلاثين ومائة
2447	ثم دخلت سنة أربعين ومائة
2451	ثم دخلت سنة إحدى وأربعين ومائة
2457	ثم دخلت سنة اثنتين وأربعين ومائة
2460	ثم دخلت سنة ثلاث وأربعين ومائة
2462	ثم دخلت سنة أربع وأربعين ومائة
2474	ثم دخلت سنة خمس وأربعين ومائة
2510	ثم دخلت سنة ست وأربعين ومائة
2514	ثم دخلت سنة سبع وأربعين ومائة
2520	ثم دخلت سنة ثمان وأربعين ومائة
2525	ثم دخلت سنة تسع وأربعين ومائة
2527	ثم دخلت سنة خمسين ومائة
2531	ثم دخلت سنة إحدى وخمسين ومائة
2541	ثم دخلت سنة اثنتين وخمسين ومائة
2543	ثم دخلت سنة ثلاث وخمسين ومائة
2547	ثم دخلت سنة أربع وخمسين ومائة
2549	ثم دخلت سنة خمس وخمسين ومائة
2552	ثم دخلت سنة ست وخمسين ومائة
2555	ثم دخلت سنة سبع وخمسين ومائة
2557	ثم دخلت سنة ثمان وخمسين ومائة
2575	ثم دخلت سنة تسع وخمسين ومائة
2581	ثم دخلت سنة ستين ومائة
2588	ثم دخلت سنة إحدى وستين ومائة
2594	ثم دخلت سنة اثنتين وستين ومائة
2597	ثم دخلت سنة ثلاث وستين ومائة
2600	ثم دخلت سنة أربع وستين ومائة
2603	ثم دخلت سنة خمس وستين ومائة
2606	ثم دخلت سنة ست وستين ومائة
2612	ثم دخلت سنة سبع وستين ومائة
2615	ثم دخلت سنة ثمان وستين ومائة
2618	ثم دخلت سنة تسع وستين ومائة
2630	ثم دخلت سنة سبعين ومائة
2642	ثم دخلت سنة إحدى وسبعين ومائة
2647	ثم دخلت سنة اثنتين وسبعين ومائة
2650	ثم دخلت سنة ثلاث وسبعين ومائة
2652	ثم دخلت سنة أربع وسبعين ومائة
2653	ثم دخلت سنة خمس وسبعين ومائة
2656	ثم دخلت سنة ست وسبعين ومائة
2664	ثم دخلت سنة سبع وسبعين ومائة
2669	ثم دخلت سنة ثمان وسبعين ومائة
2674	ثم دخلت سنة تسع وسبعين ومائة
2676	ثم دخلت سنة ثمانين ومائة
2682	ثم دخلت سنة إحدى وثمانين ومائة
2692	ثم دخلت سنة اثنتين وثمانين ومائة
2696	ثم دخلت سنة ثلاث وثمانين ومائة
2700	ثم دخلت سنة أربع وثمانين ومائة
2703	ثم دخلت سنة خمس وثمانين ومائة
2708	ثم دخلت سنة ست وثمانين ومائة
2713	ثم دخلت سنة سبع وثمانين ومائة
2729	ثم دخلت سنة ثمان وثمانين ومائة
2731	ثم دخلت سنة تسع وثمانين ومائة
2735	ثم دخلت سنة تسعين ومائة
2740	ثم دخلت سنة إحدى وتسعين ومائة
2748	ثم دخلت سنة اثنتين وتسعين ومائة
2751	ثم دخلت سنة ثلاث وتسعين ومائة
2766	ثم دخلت سنة أربع وتسعين ومائة
2776	ثم دخلت سنة خمس وتسعين ومائة
2786	ثم دخلت سنة ست وتسعين ومائة
2802	ثم دخلت سنة سبع وتسعين ومائة
2809	ثم دخلت سنة ثمان وتسعين ومائة
2829	ثم دخلت سنة تسع وتسعين ومائة
2835	ثم دخلت سنة مائتين
2845	ثم دخلت سنة إحدى ومائتين
2861	ثم دخلت سنة اثنتين ومائتين
2869	ثم دخلت سنة ثلاث ومائتين
2875	ثم دخلت سنة أربع ومائتين
2878	ثم دخلت سنة خمس ومائتين
2882	ثم دخلت سنة ست ومائتين
2895	ثم دخلت سنة سبع ومائتين
2900	ثم دخلت سنة ثمان ومائتين
2903	ثم دخلت سنة تسع ومائتين
2906	ثم دخلت سنة عشر ومائتين
2915	ثم دخلت سنة إحدى عشرة ومائتين
2920	ثم دخلت سنة اثنتي عشرة ومائتين
2922	ثم دخلت سنة ثلاث عشرة ومائتين
2925	ثم دخلت سنة أربع عشرة ومائتين
2929	ثم دخلت سنة خمس عشرة ومائتين
2932	ثم دخلت سنة ست عشرة ومائتين
2935	ثم دخلت سنة سبع عشرة ومائتين
2937	ثم دخلت سنة ثماني عشرة ومائتين
2954	ثم دخلت سنة تسع عشرة ومائتين
2957	ثم دخلت سنة عشرين ومائتين
2965	ثم دخلت سنة إحدى وعشرين ومائتين
2970	ثم دخلت سنة اثنتين وعشرين ومائتين
2982	ثم دخلت سنة ثلاث وعشرين ومائتين
2997	ثم دخلت سنة أربع وعشرين ومائتين
3009	ثم دخلت سنة خمس وعشرين ومائتين
3015	ثم دخلت سنة ست وعشرين ومائتين
3020	ثم دخلت سنة سبع وعشرين ومائتين
3028	ثم دخلت سنة ثمان وعشرين ومائتين
3033	ثم دخلت سنة تسع وعشرين ومائتين
3036	ثم دخلت سنة ثلاثين ومائتين
3042	ثم دخلت سنة إحدى وثلاثين ومائتين
3050	ثم دخلت سنة اثنتين وثلاثين ومائتين
3058	ثم دخلت سنة ثلاث وثلاثين ومائتين
3063	ثم دخلت سنة أربع وثلاثين ومائتين
3068	ثم دخلت سنة خمس وثلاثين ومائتين
3075	ثم دخلت سنة ست وثلاثين ومائتين
3079	ثم دخلت سنة سبع وثلاثين ومائتين
3087	ثم دخلت سنة ثمان وثلاثين ومائتين
3091	ثم دخلت سنة تسع وثلاثين ومائتين
3093	ثم دخلت سنة أربعين ومائتين
3096	ثم دخلت سنة إحدى وأربعين ومائتين
3101	ثم دخلت سنة اثنتين وأربعين ومائتين
3104	ثم دخلت سنة ثلاث وأربعين ومائتين
3106	ثم دخلت سنة أربع وأربعين ومائتين
3108	ثم دخلت سنة خمس وأربعين ومائتين
3114	ثم دخلت سنة ست وأربعين ومائتين
3117	ثم دخلت سنة سبع وأربعين ومائتين
3130	ثم دخلت سنة ثمان وأربعين ومائتين
3139	ثم دخلت سنة تسع وأربعين ومائتين
3144	ثم دخلت سنة خمسين ومائتين
3153	ثم دخلت سنة إحدى وخمسين ومائتين
3179	ثم دخلت سنة اثنتين وخمسين ومائتين
3188	ثم دخلت سنة ثلاث وخمسين ومائتين
3195	ثم دخلت سنة أربع وخمسين ومائتين
3199	ثم دخلت سنة خمس وخمسين ومائتين
3221	ثم دخلت سنة ست وخمسين ومائتين
3240	ثم دخلت سنة سبع وخمسين ومائتين
3248	ثم دخلت سنة ثمان وخمسين ومائتين
3254	ثم دخلت سنة تسع وخمسين ومائتين
3261	ثم دخلت سنة ستين ومائتين
3267	ثم دخلت سنة إحدى وستين ومائتين
3279	ثم دخلت سنة اثنتين وستين ومائتين
3292	ثم دخلت سنة ثلاث وستين ومائتين
3296	ثم دخلت سنة أربع وستين ومائتين
3304	ثم دخلت سنة خمس وستين ومائتين
3311	ثم دخلت سنة ست وستين ومائتين
3319	ثم دخلت سنة سبع وستين ومائتين
3339	ثم دخلت سنة ثمان وستين ومائتين
3347	ثم دخلت سنة تسع وستين ومائتين
3366	ثم دخلت سنة سبعين ومائتين
3378	ثم دخلت سنة إحدى وسبعين ومائتين
3382	ثم دخلت سنة اثنتين وسبعين ومائتين
3386	ثم دخلت سنة ثلاث وسبعين ومائتين
3390	ثم دخلت سنة أربع وسبعين ومائتين
3393	ثم دخلت سنة خمس وسبعين ومائتين
3399	ثم دخلت سنة ست وسبعين ومائتين
3402	ثم دخلت سنة سبع وسبعين ومائتين
3404	ثم دخلت سنة ثمان وسبعين ومائتين
3413	ثم دخلت سنة تسع وسبعين ومائتين
3421	ثم دخلت سنة ثمانين ومائتين
3426	ثم دخلت سنة إحدى وثمانين ومائتين
3429	ثم دخلت سنة اثنتين وثمانين ومائتين
3435	ثم دخلت سنة ثلاث وثمانين ومائتين
3442	ثم دخلت سنة أربع وثمانين ومائتين
3447	ثم دخلت سنة خمس وثمانين ومائتين
3450	ثم دخلت سنة ست وثمانين ومائتين
3454	ثم دخلت سنة سبع وثمانين ومائتين
3464	ثم دخلت سنة ثمان وثمانين ومائتين
3467	ثم دخلت سنة تسع وثمانين ومائتين
3478	ثم دخلت سنة تسعين ومائتين
3484	ثم دخلت سنة إحدى وتسعين ومائتين
3489	ثم دخلت سنة اثنتين وتسعين ومائتين
3493	ثم دخلت سنة ثلاث وتسعين ومائتين
3501	ثم دخلت سنة أربع وتسعين ومائتين
3506	ثم دخلت سنة خمس وتسعين ومائتين
3515	ثم دخلت سنة ست وتسعين ومائتين
3551	ثم دخلت سنة سبع وتسعين ومائتين
3555	ثم دخلت سنة ثمان وتسعين ومائتين
3558	ثم دخلت سنة تسع وتسعين ومائتين
3563	ثم دخلت سنة ثلاثمائة
3570	ثم دخلت سنة إحدى وثلاثمائة
3579	ثم دخلت سنة اثنتين وثلاثمائة
3585	ثم دخلت سنة ثلاث وثلاثمائة
3590	ثم دخلت سنة أربع وثلاثمائة
3599	ثم دخلت سنة خمس وثلاثمائة
3602	ثم دخلت سنة ست وثلاثمائة
3608	ثم دخلت سنة سبع وثلاثمائة
3614	ثم دخلت سنة ثمان وثلاثمائة
3615	ثم دخلت سنة تسع وثلاثمائة
3621	ثم دخلت سنة عشر وثلاثمائة
3628	ثم دخلت سنة إحدى عشرة وثلاثمائة
3635	ثم دخلت سنة اثنتي عشرة وثلاثمائة
3646	ثم دخلت سنة ثلاث عشرة وثلاثمائة
3650	ثم دخلت سنة أربع عشرة وثلاثمائة
3656	ثم دخلت سنة خمس عشرة وثلاثمائة
3666	ثم دخلت سنة ست عشرة وثلاثمائة
3682	ثم دخلت سنة سبع عشرة وثلاثمائة
3695	ثم دخلت سنة ثماني عشرة وثلاثمائة
3702	ثم دخلت سنة تسع عشرة وثلاثمائة
3712	ثم دخلت سنة عشرين وثلاثمائة
3722	ثم دخلت سنة إحدى وعشرين وثلاثمائة
3745	ثم دخلت سنة اثنتين وعشرين وثلاثمائة
3764	ثم دخلت سنة ثلاث وعشرين وثلاثمائة
3777	ثم دخلت سنة أربع وعشرين وثلاثمائة
3789	ثم دخلت سنة خمس وعشرين وثلاثمائة
3798	ثم دخلت سنة ست وعشرين وثلاثمائة
3809	ثم دخلت سنة سبع وعشرين وثلاثمائة
3814	ثم دخلت سنة ثمان وعشرين وثلاثمائة
3820	ثم دخلت سنة تسع وعشرين وثلاثمائة
3832	ثم دخلت سنة ثلاثين وثلاثمائة
3845	ثم دخلت سنة إحدى وثلاثين وثلاثمائة
3855	ثم دخلت سنة اثنتين وثلاثين وثلاثمائة
3864	ثم دخلت سنة ثلاث وثلاثين وثلاثمائة
3887	ثم دخلت سنة أربع وثلاثين وثلاثمائة
3903	ثم دخلت سنة خمس وثلاثين وثلاثمائة
3906	ثم دخلت سنة ست وثلاثين وثلاثمائة
3913	ثم دخلت سنة سبع وثلاثين وثلاثمائة
3917	ثم دخلت سنة ثمان وثلاثين وثلاثمائة
3920	ثم دخلت سنة تسع وثلاثين وثلاثمائة
3926	ثم دخلت سنة أربعين وثلاثمائة
3929	ثم دخلت سنة إحدى وأربعين وثلاثمائة
3933	ثم دخلت سنة اثنتين وأربعين وثلاثمائة
3939	ثم دخلت سنة ثلاث وأربعين وثلاثمائة
3942	ثم دخلت سنة أربع وأربعين وثلاثمائة
3945	ثم دخلت سنة خمس وأربعين وثلاثمائة
3949	ثم دخلت سنة ست وأربعين وثلاثمائة
3952	ثم دخلت سنة سبع وأربعين وثلاثمائة
3956	ثم دخلت سنة ثمان وأربعين وثلاثمائة
3958	ثم دخلت سنة تسع وأربعين وثلاثمائة
3963	ثم دخلت سنة خمسين وثلاثمائة
3967	ثم دخلت سنة إحدى وخمسين وثلاثمائة
3974	ثم دخلت سنة اثنتين وخمسين وثلاثمائة
3978	ثم دخلت سنة ثلاث وخمسين وثلاثمائة
3985	ثم دخلت سنة أربع وخمسين وثلاثمائة
3991	ثم دخلت سنة خمس وخمسين وثلاثمائة
3998	ثم دخلت سنة ست وخمسين وثلاثمائة
4005	ثم دخلت سنة سبع وخمسين وثلاثمائة
4011	ثم دخلت سنة ثمان وخمسين وثلاثمائة
4021	ثم دخلت سنة تسع وخمسين وثلاثمائة
4029	ثم دخلت سنة ستين وثلاثمائة
4033	ثم دخلت سنة إحدى وستين وثلاثمائة
4041	ثم دخلت سنة اثنين وستين وثلاثمائة.
4044	ثم دخلت سنة ثلاث وستين وثلاثمائة
4058	ثم دخلت سنة أربع وستين وثلاثمائة
4069	ثم دخلت سنة خمس وستين وثلاثمائة
4074	ثم دخلت سنة ست وستين وثلاثمائة
4089	ثم دخلت سنة سبع وستين وثلاثمائة
4094	ثم دخلت سنة ثمان وستين وثلاثمائة
4097	ثم دخلت سنة تسع وستين وثلاثمائة
4107	ثم دخلت سنة سبعين وثلاثمائة
4112	ثم دخلت سنة إحدى وسبعين وثلاثمائة
4118	ثم دخلت سنة اثنتين وسبعين وثلاثمائة
4126	ثم دخلت سنة ثلاث وسبعين وثلاثمائة
4136	ثم دخلت سنة أربع وسبعين وثلاثمائة
4139	ثم دخلت سنة خمس سبعين وثلاثمائة
4145	ثم دخلت سنة ست وسبعين وثلاثمائة
4149	ثم دخلت سنة سبع وسبعين وثلاثمائة
4153	ثم دخلت سنة ثمان وسبعين وثلاثمائة
4157	ثم دخلت سنة تسع وسبعين وثلاثمائة
4165	ثم دخلت سنة ثمانين وثلاثمائة
4173	ثم دخلت سنة إحدى وثمانين وثلاثمائة
4184	ثم دخلت سنة اثنتين وثمانين وثلاثمائة
4188	ثم دخلت سنة ثلاث وثمانين وثلاثمائة
4193	ثم دخلت سنة أربع وثمانين وثلاثمائة
4198	ثم دخلت سنة خمس وثمانين وثلاثمائة
4206	ثم دخلت سنة ست وثمانين وثلاثمائة
4219	ثم دخلت سنة سبع وثمانين وثلاثمائة
4227	ثم دخلت سنة ثمان وثمانين وثلاثمائة
4233	ثم دخلت سنة تسع وثمانين وثلاثمائة
4243	ثم دخلت سنة تسعين وثلاثمائة
4250	ثم دخلت سنة إحدى وتسعين وثلاثمائة
4255	ثم دخلت سنة اثنتين وتسعين وثلاثمائة
4258	ثم دخلت سنة ثلاث وتسعين وثلاثمائة
4266	ثم دخلت سنة أربع وتسعين وثلاثمائة
4269	ثم دخلت سنة خمس وتسعين وثلاثمائة
4272	ثم دخلت سنة ست وتسعين وثلاثمائة
4276	ثم دخلت سنة سبع وتسعين وثلاثمائة
4288	ثم دخلت سنة ثمان وتسعين وثلاثمائة
4292	ثم دخلت سنة تسع وتسعين وثلاثمائة
4294	ثم دخلت سنة أربعمائة
4301	ثم دخلت سنة إحدى وأربعمائة
4307	ثم دخلت سنة اثنتين وأربعمائة
4318	ثم دخلت سنة ثلاث وأربعمائة
4323	ثم دخلت سنة أربع وأربعمائة
4326	ثم دخلت سنة خمس وأربعمائة
4332	ثم دخلت سنة ست وأربعمائة
4342	ثم دخلت سنة سبع وأربعمائة
4373	ثم دخلت سنة ثمان وأربعمائة
4381	ثم دخلت سنة تسع وأربعمائة
4387	ثم دخلت سنة عشر وأربعمائة
4389	ثم دخلت سنة إحدى عشرة وأربعمائة
4398	ثم دخلت سنة اثنتي عشرة وأربعمائة
4401	ثم دخلت سنة ثلاث عشرة وأربعمائة
4404	ثم دخلت سنة أربع عشرة وأربعمائة
4409	ثم دخلت سنة خمس عشرة وأربعمائة
4415	ثم دخلت سنة ست عشرة وأربعمائة
4423	ثم دخلت سنة سبع عشرة وأربعمائة
4429	ثم دخلت سنة ثماني عشرة وأربعمائة
4436	ثم دخلت سنة تسع عشرة وأربعمائة
4441	ثم دخلت سنة عشرين وأربعمائة
4460	ثم دخلت سنة إحدى وعشرين وأربعمائة
4474	ثم دخلت سنة اثنتين وعشرين وأربعمائة
4483	ثم دخلت سنة ثلاث وعشرين وأربعمائة
4487	ثم دخلت سنة أربع وعشرين وأربعمائة
4492	ثم دخلت سنة خمس وعشرين وأربعمائة
4499	ثم دخلت سنة ست وعشرين وأربعمائة
4505	ثم دخلت سنة سبع وعشرين وأربعمائة
4511	ثم دخلت سنة ثمان وعشرين وأربعمائة
4515	ثم دخلت سنة تسع وعشرين وأربعمائة
4519	ثم دخلت سنة ثلاثين وأربعمائة
4524	ثم دخلت سنة إحدى وثلاثين وأربعمائة
4529	ثم دخلت سنة اثنتين وثلاثين وأربعمائة
4548	ثم دخلت سنة ثلاث وثلاثين وأربعمائة
4556	ثم دخلت سنة أربع وثلاثين وأربعمائة
4565	ثم دخلت سنة خمس وثلاثين وأربعمائة
4572	ثم دخلت سنة ست وثلاثين وأربعمائة
4576	ثم دخلت سنة سبع وثلاثين وأربعمائة
4580	ثم دخلت سنة ثمان وثلاثين وأربعمائة
4584	ثم دخلت سنة تسع وثلاثين وأربعمائة
4592	ثم دخلت سنة أربعين وأربعمائة
4599	ثم دخلت سنة إحدى وأربعين وأربعمائة
4607	ثم دخلت سنة اثنتين وأربعين وأربعمائة
4616	ثم دخلت سنة ثلاث وأربعين وأربعمائة
4625	ثم دخلت سنة أربع وأربعين وأربعمائة
4635	ثم دخلت سنة خمس وأربعين وأربعمائة
4639	ثم دخلت سنة ست وأربعين وأربعمائة
4646	ثم دخلت سنة سبع وأربعين وأربعمائة
4657	ثم دخلت سنة ثمان وأربعين وأربعمائة
4671	ثم دخلت سنة تسع وأربعين وأربعمائة
4676	ثم دخلت سنة خمسين وأربعمائة
4688	ثم دخلت سنة إحدى وخمسين وأربعمائة.
4692	ثم دخلت سنة اثنتين وخمسين وأربعمائة.
4696	ثم دخلت سنة ثلاث وخمسين وأربعمائة.
4701	ثم دخلت سنة أربع وخمسين وأربعمائة.
4706	ثم دخلت سنة خمس وخمسين وأربعمائة.
4712	ثم دخلت سنة ست وخمسين وأربعمائة.
4724	ثم دخلت سنة سبع وخمسين وأربعمائة.
4730	ثم دخلت سنة ثمان وخمسين وأربعمائة.
4734	ثم دخلت سنة تسع وخمسين وأربعمائة.
4738	ثم دخلت سنة ستين وأربعمائة.
4740	ثم دخلت سنة إحدى وستين وأربعمائة.
4741	ثم دخلت سنة اثنتين وستين وأربعمائة.
4745	ثم دخلت سنة ثلاث وستين وأربعمائة.
4752	ثم دخلت سنة أربع وستين وأربعمائة.
4755	ثم دخلت سنة خمس وستين وأربعمائة.
4771	ثم دخلت سنة ست وستين وأربعمائة.
4775	ثم دخلت سنة سبع وستين وأربعمائة.
4780	ثم دخلت سنة ثمان وستين وأربعمائة.
4784	ثم دخلت سنة تسع وستين وأربعمائة.
4789	ثم دخلت سنة سبعين وأربعمائة.
4791	ثم دخلت سنة إحدى وسبعين وأربعمائة.
4795	ثم دخلت سنة اثنتين وسبعين وأربعمائة.
4800	ثم دخلت سنة ثلاث وسبعين وأربعمائة.
4802	ثم دخلت سنة أربع وسبعين وأربعمائة.
4805	ثم دخلت سنة خمس وسبعين وأربعمائة.
4810	ثم دخلت سنة ست وسبعين وأربعمائة.
4814	ثم دخلت سنة سبع وسبعين وأربعمائة.
4822	ثم دخلت سنة ثمان وسبعين وأربعمائة.
4827	ثم دخلت سنة تسع وسبعين وأربعمائة.
4839	ثم دخلت سنة ثمانين وأربعمائة.
4843	ثم دخلت سنة إحدى وثمانين وأربعمائة.
4848	ثم دخلت سنة اثنتين وثمانين وأربعمائة
4859	ثم دخلت سنة ثلاث وثمانين وأربعمائة
4862	ثم دخلت سنة أربع وثمانين وأربعمائة
4876	ثم دخلت سنة خمس وثمانين وأربعمائة
4891	ثم دخلت سنة ست وثمانين وأربعمائة
4900	ثم دخلت سنة سبع وثمانين وأربعمائة
4911	ثم دخلت سنة ثمان وثمانين وأربعمائة
4924	ثم دخلت سنة تسع وثمانين وأربعمائة
4930	ثم دخلت سنة تسعين وأربعمائة
4939	ثم دخلت سنة إحدى وتسعين وأربعمائة
4947	ثم دخلت سنة اثنتين وتسعين وأربعمائة
4957	ثم دخلت سنة ثلاث وتسعين وأربعمائة
4965	ثم دخلت سنة أربع وتسعين وأربعمائة
4985	ثم دخلت سنة خمس وتسعين وأربعمائة -
5005	ثم دخلت سنة ست وتسعين وأربعمائة
5016	ثم دخلت سنة سبع وتسعين وأربعمائة
5026	ثم دخلت سنة ثمان وتسعين وأربعمائة
5040	ثم دخلت سنة تسع وتسعين وأربعمائة
5055	ثم دخلت سنة خمسمائة
5073	ثم دخلت سنة إحدى وخمسمائة
5087	ثم دخلت سنة اثنتين وخمسمائة
5102	ثم دخلت سنة ثلاث وخمسمائة
5106	ثم دخلت سنة أربع وخمسمائة
5111	ثم دخلت سنة خمس وخمسمائة
5116	ثم دخلت سنة ست وخمسمائة
5119	ثم دخلت سنة سبع وخمسمائة
5125	ثم دخلت سنة ثمان وخمسمائة
5131	ثم دخلت سنة تسع وخمسمائة
5136	ثم دخلت سنة عشر وخمسمائة
5143	ثم دخلت سنة إحدى عشرة وخمسمائة
5150	ثم دخلت سنة اثنتي عشرة وخمسمائة
5161	ثم دخلت سنة ثلاث عشرة وخمسمائة
5173	ثم دخلت سنة أربع عشرة وخمسمائة
5192	ثم دخلت سنة خمس عشرة وخمسمائة
5199	ثم دخلت سنة ست عشرة وخمسمائة
5207	ثم دخلت سنة سبع عشرة وخمسمائة
5216	ثم دخلت سنة ثماني عشرة وخمسمائة
5222	ثم دخلت سنة تسع عشرة وخمسمائة
5226	ثم دخلت سنة عشرين وخمسمائة
5234	ثم دخلت سنة إحدى وعشرين وخمسمائة
5240	ثم دخلت سنة اثنتين وعشرين وخمسمائة
5244	ثم دخلت سنة ثلاث وعشرين وخمسمائة
5250	ثم دخلت سنة أربع وعشرين وخمسمائة
5257	ثم دخلت سنة خمس وعشرين وخمسمائة
5261	ثم دخلت سنة ست وعشرين وخمسمائة
5271	ثم دخلت سنة سبع وعشرين وخمسمائة
5279	ثم دخلت سنة ثمان وعشرين وخمسمائة
5286	ثم دخلت سنة تسع وعشرين وخمسمائة
5300	ثم دخلت سنة ثلاثين وخمسمائة
5311	ثم دخلت سنة إحدى وثلاثين وخمسمائة
5318	ثم دخلت سنة اثنتين وثلاثين وخمسمائة
5329	ثم دخلت سنة ثلاث وثلاثين وخمسمائة
5334	ثم دخلت سنة أربع وثلاثين وخمسمائة
5340	ثم دخلت سنة خمس وثلاثين وخمسمائة
5344	ثم دخلت سنة ست وثلاثين وخمسمائة
5353	ثم دخلت سنة سبع وثلاثين وخمسمائة
5355	ثم دخلت سنة ثمان وثلاثين وخمسمائة
5360	ثم دخلت سنة تسع وثلاثين وخمسمائة
5366	ثم دخلت سنة أربعين وخمسمائة
5369	ثم دخلت سنة إحدى وأربعين وخمسمائة
5379	ثم دخلت سنة اثنتين وأربعين وخمسمائة
5384	ثم دخلت سنة ثلاث وأربعين وخمسمائة
5395	ثم دخلت سنة أربع وأربعين وخمسمائة
5404	ثم دخلت سنة خمس وأربعين وخمسمائة
5409	ثم دخلت سنة ست وأربعين وخمسمائة
5413	ثم دخلت سنة سبع وأربعين وخمسمائة
5428	ثم دخلت سنة ثمان وأربعين وخمسمائة
5441	ثم دخلت سنة تسع وأربعين وخمسمائة
5450	ثم دخلت سنة خمسين وخمسمائة
5452	ثم دخلت سنة إحدى وخمسين وخمسمائة
5466	ثم دخلت سنة اثنتين وخمسين وخمسمائة
5476	ثم دخلت سنة ثلاث وخمسين وخمسمائة
5486	ثم دخلت سنة أربع وخمسين وخمسمائة
5498	ثم دخلت سنة خمس وخمسين وخمسمائة
5507	ثم دخلت سنة ست وخمسين وخمسمائة
5520	ثم دخلت سنة سبع وخمسين وخمسمائة
5527	ثم دخلت سنة ثمان وخمسين وخمسمائة
5534	ثم دخلت سنة تسع وخمسين وخمسمائة
5548	ثم دخلت سنة ستين وخمسمائة
5554	ثم دخلت سنة إحدى وستين وخمسمائة
5556	ثم دخلت سنة اثنتين وستين وخمسمائة
5562	ثم دخلت سنة ثلاث وستين وخمسمائة
5565	ثم دخلت سنة أربع وستين وخمسمائة
5579	ثم دخلت سنة خمس وستين وخمسمائة
5586	ثم دخلت سنة ست وستين وخمسمائة
5593	ثم دخلت سنة سبع وستين وخمسمائة
5601	ثم دخلت سنة ثمان وستين وخمسمائة
5617	ثم دخلت سنة تسع وستين وخمسمائة
5631	ثم دخلت سنة سبعين وخمسمائة
5644	ثم دخلت سنة إحدى وسبعين وخمسمائة
5652	ثم دخلت سنة اثنتين وسبعين وخمسمائة
5657	ثم دخلت سنة ثلاث وسبعين وخمسمائة
5664	ثم دخلت سنة أربع وسبعين وخمسمائة
5668	ثم دخلت سنة خمس وسبعين وخمسمائة
5675	ثم دخلت سنة ست وسبعين وخمسمائة
5681	ثم دخلت سنة سبع وسبعين وخمسمائة
5687	ثم دخلت سنة ثمان وسبعين وخمسمائة
5699	ثم دخلت سنة تسع وسبعين وخمسمائة
5709	ثم دخلت سنة ثمانين وخمسمائة
5715	ثم دخلت سنة إحدى وثمانين وخمسمائة
5725	ثم دخلت سنة اثنتين وثمانين وخمسمائة
5730	ثم دخلت سنة ثلاث وثمانين وخمسمائة
5757	ثم دخلت سنة أربع وثمانين وخمسمائة
5775	ثم دخلت سنة خمس وثمانين وخمسمائة
5788	ثم دخلت سنة ست وثمانين وخمسمائة
5801	ثم دخلت سنة سبع وثمانين وخمسمائة
5815	ثم دخلت سنة ثمان وثمانين وخمسمائة
5828	ثم دخلت سنة تسع وثمانين وخمسمائة
5836	ثم دخلت سنة تسعين وخمسمائة
5841	ثم دخلت سنة إحدى وتسعين وخمسمائة
5850	ثم دخلت سنة اثنتين وتسعين وخمسمائة
5854	ثم دخلت سنة ثلاث وتسعين وخمسمائة
5861	ثم دخلت سنة أربع وتسعين وخمسمائة
5867	ثم دخلت سنة خمس وتسعين وخمسمائة
5879	ثم دخلت سنة ست وتسعين وخمسمائة
5883	ثم دخلت سنة سبع وتسعين وخمسمائة
5893	ثم دخلت سنة ثمان وتسعين وخمسمائة
5898	ثم دخلت سنة تسع وتسعين وخمسمائة
5903	ثم دخلت سنة ستمائة
5915	ثم دخلت سنة إحدى وستمائة
5921	ثم دخلت سنة اثنتين وستمائة
5950	ثم دخلت سنة ثلاث وستمائة
5962	ثم دخلت سنة أربع وستمائة
5978	ثم دخلت سنة خمس وستمائة
5982	ثم دخلت سنة ست وستمائة
5986	ثم دخلت سنة سبع وستمائة
5991	ثم دخلت سنة ثمان وستمائة
5994	ثم دخلت سنة تسع وستمائة
5995	ثم دخلت سنة عشر وستمائة
5997	ثم دخلت سنة إحدى عشرة وستمائة
6000	ثم دخلت سنة اثنتي عشرة وستمائة
6006	ثم دخلت سنة ثلاث عشرة وستمائة
6009	ثم دخلت سنة أربع عشرة وستمائة
6023	ثم دخلت سنة خمس عشرة وستمائة
6039	ثم دخلت سنة ست عشرة وستمائة
6043	ثم دخلت سنة سبع عشرة وستمائة
6077	ثم دخلت سنة ثماني عشرة وستمائة
6082	ثم دخلت سنة تسع عشرة وستمائة
6088	ثم دخلت سنة عشرين وستمائة
6093	ثم دخلت سنة إحدى وعشرين وستمائة
6098	ثم دخلت سنة اثنتين وعشرين وستمائة
6118	ثم دخلت سنة ثلاث وعشرين وستمائة
6133	ثم دخلت سنة أربع وعشرين وستمائة
6138	ثم دخلت سنة خمس وعشرين وستمائة
6144	ثم دخلت سنة ست وعشرين وستمائة
6150	ثم دخلت سنة سبع وعشرين وستمائة
6155	ثم دخلت سنة ثمان وعشرين وستمائة